code,name,board_type,subtype,source,cid,updated_at
885431,新能源汽车,concept,同花顺概念,ths,300008,2026-07-12 17:54:15
885566,大飞机,concept,同花顺概念,ths,300013,2026-07-12 17:54:15
885623,参股保险,concept,同花顺概念,ths,300018,2026-07-12 17:54:15
885603,网络游戏,concept,同花顺概念,ths,300019,2026-07-12 17:54:15
885406,食品安全,concept,同花顺概念,ths,300023,2026-07-12 17:54:15
885311,智能电网,concept,同花顺概念,ths,300037,2026-07-12 17:54:15
885879,流感,concept,同花顺概念,ths,300038,2026-07-12 17:54:15
885514,京津冀一体化,concept,同花顺概念,ths,300061,2026-07-12 17:54:15
803014,海峡两岸,concept,同花顺概念,ths,300066,2026-07-12 17:54:15
885508,禽流感,concept,同花顺概念,ths,300075,2026-07-12 17:54:15
885398,煤化工概念,concept,同花顺概念,ths,300084,2026-07-12 17:54:15
885551,氟化工概念,concept,同花顺概念,ths,300085,2026-07-12 17:54:15
885827,横琴新区,concept,同花顺概念,ths,300087,2026-07-12 17:54:15
885863,磷化工,concept,同花顺概念,ths,300098,2026-07-12 17:54:15
885620,参股券商,concept,同花顺概念,ths,300100,2026-07-12 17:54:15
885426,海工装备,concept,同花顺概念,ths,300105,2026-07-12 17:54:15
885845,生物疫苗,concept,同花顺概念,ths,300106,2026-07-12 17:54:15
885537,3D打印,concept,同花顺概念,ths,300127,2026-07-12 17:54:15
885555,PM2.5,concept,同花顺概念,ths,300134,2026-07-12 17:54:15
885640,草甘膦,concept,同花顺概念,ths,300157,2026-07-12 17:54:15
885662,车联网(车路协同),concept,同花顺概念,ths,300163,2026-07-12 17:54:15
886036,时空大数据,concept,同花顺概念,ths,300180,2026-07-12 17:54:15
885333,移动支付,concept,同花顺概念,ths,300188,2026-07-12 17:54:15
885570,期货概念,concept,同花顺概念,ths,300220,2026-07-12 17:54:15
885410,固废处理,concept,同花顺概念,ths,300221,2026-07-12 17:54:15
886011,光热发电,concept,同花顺概念,ths,300223,2026-07-12 17:54:15
885795,国产航母,concept,同花顺概念,ths,300236,2026-07-12 17:54:15
885530,黄金概念,concept,同花顺概念,ths,300248,2026-07-12 17:54:15
885386,建筑节能,concept,同花顺概念,ths,300261,2026-07-12 17:54:15
885587,举牌,concept,同花顺概念,ths,300269,2026-07-12 17:54:15
885748,可燃冰,concept,同花顺概念,ths,300277,2026-07-12 17:54:15
885376,苹果概念,concept,同花顺概念,ths,300309,2026-07-12 17:54:15
885775,燃料电池,concept,同花顺概念,ths,300316,2026-07-12 17:54:15
885355,石墨烯,concept,同花顺概念,ths,300337,2026-07-12 17:54:15
885572,水利,concept,同花顺概念,ths,300345,2026-07-12 17:54:15
885652,钛白粉概念,concept,同花顺概念,ths,300351,2026-07-12 17:54:15
885650,碳纤维,concept,同花顺概念,ths,300352,2026-07-12 17:54:15
885425,特高压,concept,同花顺概念,ths,300353,2026-07-12 17:54:15
885430,天然气,concept,同花顺概念,ths,300358,2026-07-12 17:54:15
885412,污水处理,concept,同花顺概念,ths,300374,2026-07-12 17:54:15
885312,物联网,concept,同花顺概念,ths,300378,2026-07-12 17:54:15
885343,稀土永磁,concept,同花顺概念,ths,300382,2026-07-12 17:54:15
885345,新疆振兴,concept,同花顺概念,ths,300386,2026-07-12 17:54:15
885372,页岩气,concept,同花顺概念,ths,300402,2026-07-12 17:54:15
885362,云计算,concept,同花顺概念,ths,300419,2026-07-12 17:54:15
885877,转基因,concept,同花顺概念,ths,300435,2026-07-12 17:54:15
885573,猪肉,concept,同花顺概念,ths,300451,2026-07-12 17:54:15
885402,智能医疗,concept,同花顺概念,ths,300682,2026-07-12 17:54:15
885741,中字头股票,concept,同花顺概念,ths,300704,2026-07-12 17:54:15
885774,无线充电,concept,同花顺概念,ths,300723,2026-07-12 17:54:15
885710,锂电池概念,concept,同花顺概念,ths,300733,2026-07-12 17:54:15
885459,网络安全,concept,同花顺概念,ths,300756,2026-07-12 17:54:15
885461,充电桩,concept,同花顺概念,ths,300786,2026-07-12 17:54:15
886043,太赫兹,concept,同花顺概念,ths,300795,2026-07-12 17:54:15
885423,安防,concept,同花顺概念,ths,300800,2026-07-12 17:54:15
885418,文化传媒概念,concept,同花顺概念,ths,300806,2026-07-12 17:54:15
885552,小金属概念,concept,同花顺概念,ths,300809,2026-07-12 17:54:15
885543,家用电器,concept,同花顺概念,ths,300814,2026-07-12 17:54:15
885730,量子科技,concept,同花顺概念,ths,300830,2026-07-12 17:54:15
885556,5G,concept,同花顺概念,ths,300843,2026-07-12 17:54:15
885428,特钢概念,concept,同花顺概念,ths,300845,2026-07-12 17:54:15
885439,土地流转,concept,同花顺概念,ths,300858,2026-07-12 17:54:15
,ST板块,concept,同花顺概念,ths,300862,2026-07-12 17:54:15
885598,新股与次新股,concept,同花顺概念,ths,300870,2026-07-12 17:54:15
885427,高端装备,concept,同花顺概念,ths,300890,2026-07-12 17:54:15
885540,三胎概念,concept,同花顺概念,ths,300891,2026-07-12 17:54:15
,融资融券,concept,同花顺概念,ths,300900,2026-07-12 17:54:15
885772,语音技术,concept,同花顺概念,ths,300917,2026-07-12 17:54:15
885505,生态农业,concept,同花顺概念,ths,300923,2026-07-12 17:54:15
885962,土壤修复,concept,同花顺概念,ths,300925,2026-07-12 17:54:15
885886,超级电容,concept,同花顺概念,ths,300926,2026-07-12 17:54:15
885986,碳交易,concept,同花顺概念,ths,300931,2026-07-12 17:54:15
885930,工业母机,concept,同花顺概念,ths,300941,2026-07-12 17:54:15
885733,航运概念,concept,同花顺概念,ths,300973,2026-07-12 17:54:15
885462,乳业,concept,同花顺概念,ths,300983,2026-07-12 17:54:15
885961,净水概念,concept,同花顺概念,ths,301032,2026-07-12 17:54:15
885457,手机游戏,concept,同花顺概念,ths,301050,2026-07-12 17:54:15
885531,光伏概念,concept,同花顺概念,ths,301079,2026-07-12 17:54:15
885756,芯片概念,concept,同花顺概念,ths,301085,2026-07-12 17:54:15
885928,钠离子电池,concept,同花顺概念,ths,301096,2026-07-12 17:54:15
885580,足球概念,concept,同花顺概念,ths,301100,2026-07-12 17:54:15
885967,化肥,concept,同花顺概念,ths,301104,2026-07-12 17:54:15
885972,金属回收,concept,同花顺概念,ths,301107,2026-07-12 17:54:15
885901,可降解塑料,concept,同花顺概念,ths,301117,2026-07-12 17:54:15
885467,特斯拉概念,concept,同花顺概念,ths,301121,2026-07-12 17:54:15
885810,大豆,concept,同花顺概念,ths,301123,2026-07-12 17:54:15
885472,上海自贸区,concept,同花顺概念,ths,301128,2026-07-12 17:54:15
885953,电子纸,concept,同花顺概念,ths,301135,2026-07-12 17:54:15
885578,基因测序,concept,同花顺概念,ths,301146,2026-07-12 17:54:15
885738,OLED,concept,同花顺概念,ths,301154,2026-07-12 17:54:15
885759,人脸识别,concept,同花顺概念,ths,301166,2026-07-12 17:54:15
885697,深圳国企改革,concept,同花顺概念,ths,301171,2026-07-12 17:54:15
886003,钒电池,concept,同花顺概念,ths,301174,2026-07-12 17:54:15
885454,智能穿戴,concept,同花顺概念,ths,301175,2026-07-12 17:54:15
885502,冷链物流,concept,同花顺概念,ths,301179,2026-07-12 17:54:15
885456,互联网金融,concept,同花顺概念,ths,301209,2026-07-12 17:54:15
885497,旅游概念,concept,同花顺概念,ths,301223,2026-07-12 17:54:15
885480,在线教育,concept,同花顺概念,ths,301227,2026-07-12 17:54:15
885487,天津自贸区,concept,同花顺概念,ths,301229,2026-07-12 17:54:15
885617,福建自贸区,concept,同花顺概念,ths,301236,2026-07-12 17:54:15
885974,两轮车,concept,同花顺概念,ths,301248,2026-07-12 17:54:15
885838,眼科医疗,concept,同花顺概念,ths,301252,2026-07-12 17:54:15
886002,机器视觉,concept,同花顺概念,ths,301258,2026-07-12 17:54:15
885835,参股银行,concept,同花顺概念,ths,301270,2026-07-12 17:54:15
885785,小米概念,concept,同花顺概念,ths,301278,2026-07-12 17:54:15
885912,有机硅概念,concept,同花顺概念,ths,301279,2026-07-12 17:54:15
885736,无人驾驶,concept,同花顺概念,ths,301286,2026-07-12 17:54:15
885633,染料,concept,同花顺概念,ths,301292,2026-07-12 17:54:15
885706,农机,concept,同花顺概念,ths,301306,2026-07-12 17:54:15
885490,民营医院,concept,同花顺概念,ths,301346,2026-07-12 17:54:15
885899,新型烟草(电子烟),concept,同花顺概念,ths,301362,2026-07-12 17:54:15
885814,信托概念,concept,同花顺概念,ths,301377,2026-07-12 17:54:15
885493,上海国企改革,concept,同花顺概念,ths,301402,2026-07-12 17:54:15
886052,核污染防治,concept,同花顺概念,ths,301424,2026-07-12 17:54:15
885742,摘帽,concept,同花顺概念,ths,301455,2026-07-12 17:54:15
885884,航空发动机,concept,同花顺概念,ths,301470,2026-07-12 17:54:15
885545,汽车电子,concept,同花顺概念,ths,301471,2026-07-12 17:54:15
885818,工业大麻,concept,同花顺概念,ths,301477,2026-07-12 17:54:15
,沪股通,concept,同花顺概念,ths,301490,2026-07-12 17:54:15
885521,粤港澳大湾区,concept,同花顺概念,ths,301491,2026-07-12 17:54:15
885525,白酒概念,concept,同花顺概念,ths,301496,2026-07-12 17:54:15
885780,啤酒概念,concept,同花顺概念,ths,301497,2026-07-12 17:54:15
885539,医疗器械概念,concept,同花顺概念,ths,301505,2026-07-12 17:54:15
885969,金属镍,concept,同花顺概念,ths,301511,2026-07-12 17:54:15
885562,高铁,concept,同花顺概念,ths,301518,2026-07-12 17:54:15
885586,职业教育,concept,同花顺概念,ths,301539,2026-07-12 17:54:15
885591,中韩自贸区,concept,同花顺概念,ths,301541,2026-07-12 17:54:15
885769,细胞免疫治疗,concept,同花顺概念,ths,301543,2026-07-12 17:54:15
,央企国企改革,concept,同花顺概念,ths,301546,2026-07-12 17:54:15
885642,跨境电商,concept,同花顺概念,ths,301564,2026-07-12 17:54:15
885661,医药电商,concept,同花顺概念,ths,301565,2026-07-12 17:54:15
885811,玉米,concept,同花顺概念,ths,301572,2026-07-12 17:54:15
885808,养鸡,concept,同花顺概念,ths,301576,2026-07-12 17:54:15
885973,金属铜,concept,同花顺概念,ths,301577,2026-07-12 17:54:15
885970,金属锌,concept,同花顺概念,ths,301582,2026-07-12 17:54:15
885792,赛马概念,concept,同花顺概念,ths,301602,2026-07-12 17:54:15
885615,体育产业,concept,同花顺概念,ths,301605,2026-07-12 17:54:15
885692,地下管网,concept,同花顺概念,ths,301623,2026-07-12 17:54:15
885690,PPP概念,concept,同花顺概念,ths,301624,2026-07-12 17:54:15
885767,互联网保险,concept,同花顺概念,ths,301628,2026-07-12 17:54:15
885734,广东自贸区,concept,同花顺概念,ths,301630,2026-07-12 17:54:15
885629,农村电商,concept,同花顺概念,ths,301632,2026-07-12 17:54:15
,深股通,concept,同花顺概念,ths,301636,2026-07-12 17:54:15
886016,供销社,concept,同花顺概念,ths,301669,2026-07-12 17:54:15
885709,虚拟现实,concept,同花顺概念,ths,301699,2026-07-12 17:54:15
885860,中船系,concept,同花顺概念,ths,301713,2026-07-12 17:54:15
885663,证金持股,concept,同花顺概念,ths,301715,2026-07-12 17:54:15
885783,工业互联网,concept,同花顺概念,ths,301780,2026-07-12 17:54:15
885743,军民融合,concept,同花顺概念,ths,301786,2026-07-12 17:54:15
885852,青蒿素,concept,同花顺概念,ths,301794,2026-07-12 17:54:15
885770,智能物流,concept,同花顺概念,ths,301797,2026-07-12 17:54:15
885866,数字货币,concept,同花顺概念,ths,301997,2026-07-12 17:54:15
885737,电子竞技,concept,同花顺概念,ths,302027,2026-07-12 17:54:15
885758,租售同权,concept,同花顺概念,ths,302034,2026-07-12 17:54:15
885757,区块链,concept,同花顺概念,ths,302045,2026-07-12 17:54:15
885740,化债概念(AMC概念),concept,同花顺概念,ths,302046,2026-07-12 17:54:15
885771,智能音箱,concept,同花顺概念,ths,302131,2026-07-12 17:54:15
885753,网约车,concept,同花顺概念,ths,302142,2026-07-12 17:54:15
885749,蚂蚁集团概念,concept,同花顺概念,ths,302150,2026-07-12 17:54:15
,股权转让(并购重组),concept,同花顺概念,ths,302154,2026-07-12 17:54:15
885747,共享单车,concept,同花顺概念,ths,302166,2026-07-12 17:54:15
885865,金属钴,concept,同花顺概念,ths,302174,2026-07-12 17:54:15
885744,雄安新区,concept,同花顺概念,ths,302182,2026-07-12 17:54:15
885750,特色小镇,concept,同花顺概念,ths,302674,2026-07-12 17:54:15
885768,无人零售,concept,同花顺概念,ths,304756,2026-07-12 17:54:15
885829,丙烯酸,concept,同花顺概念,ths,305376,2026-07-12 17:54:15
885760,装配式建筑,concept,同花顺概念,ths,305794,2026-07-12 17:54:15
885764,自由贸易港,concept,同花顺概念,ths,306398,2026-07-12 17:54:15
885761,超级品牌,concept,同花顺概念,ths,306750,2026-07-12 17:54:15
885789,宁德时代概念,concept,同花顺概念,ths,306912,2026-07-12 17:54:15
885781,石墨电极,concept,同花顺概念,ths,307512,2026-07-12 17:54:15
885825,冰雪产业,concept,同花顺概念,ths,307550,2026-07-12 17:54:15
885893,国家大基金持股,concept,同花顺概念,ths,307816,2026-07-12 17:54:15
885944,动力电池回收,concept,同花顺概念,ths,307822,2026-07-12 17:54:15
885782,水泥概念,concept,同花顺概念,ths,307826,2026-07-12 17:54:15
885922,盐湖提锂,concept,同花顺概念,ths,307904,2026-07-12 17:54:15
886042,存储芯片,concept,同花顺概念,ths,307940,2026-07-12 17:54:15
885786,富士康概念,concept,同花顺概念,ths,307954,2026-07-12 17:54:15
885787,独角兽概念,concept,同花顺概念,ths,308002,2026-07-12 17:54:15
886015,创新药,concept,同花顺概念,ths,308014,2026-07-12 17:54:15
885812,农业种植,concept,同花顺概念,ths,308016,2026-07-12 17:54:15
885791,知识产权保护,concept,同花顺概念,ths,308172,2026-07-12 17:54:15
885903,环氧丙烷,concept,同花顺概念,ths,308202,2026-07-12 17:54:15
886032,固态电池,concept,同花顺概念,ths,308294,2026-07-12 17:54:15
885925,MCU芯片,concept,同花顺概念,ths,308300,2026-07-12 17:54:15
885890,抖音概念(字节概念),concept,同花顺概念,ths,308366,2026-07-12 17:54:15
885800,消费电子概念,concept,同花顺概念,ths,308384,2026-07-12 17:54:15
885894,海南自贸区,concept,同花顺概念,ths,308428,2026-07-12 17:54:15
885832,长三角一体化,concept,同花顺概念,ths,308432,2026-07-12 17:54:15
885805,芬太尼,concept,同花顺概念,ths,308438,2026-07-12 17:54:15
885809,柔性屏(折叠屏),concept,同花顺概念,ths,308467,2026-07-12 17:54:15
885819,电力物联网,concept,同花顺概念,ths,308477,2026-07-12 17:54:15
885820,数字孪生,concept,同花顺概念,ths,308479,2026-07-12 17:54:15
885834,华为汽车,concept,同花顺概念,ths,308507,2026-07-12 17:54:15
885839,人造肉,concept,同花顺概念,ths,308517,2026-07-12 17:54:15
885842,数字乡村,concept,同花顺概念,ths,308525,2026-07-12 17:54:15
885843,华为海思概念股,concept,同花顺概念,ths,308527,2026-07-12 17:54:15
885844,国产操作系统,concept,同花顺概念,ths,308531,2026-07-12 17:54:15
886047,脑机接口,concept,同花顺概念,ths,308535,2026-07-12 17:54:15
885846,动物疫苗,concept,同花顺概念,ths,308537,2026-07-12 17:54:15
885849,黑龙江自贸区,concept,同花顺概念,ths,308547,2026-07-12 17:54:15
885861,ETC,concept,同花顺概念,ths,308555,2026-07-12 17:54:15
885851,烟草,concept,同花顺概念,ths,308560,2026-07-12 17:54:15
885854,垃圾分类,concept,同花顺概念,ths,308566,2026-07-12 17:54:15
885856,仿制药一致性评价,concept,同花顺概念,ths,308572,2026-07-12 17:54:15
885864,光刻胶,concept,同花顺概念,ths,308582,2026-07-12 17:54:15
886012,宠物经济,concept,同花顺概念,ths,308588,2026-07-12 17:54:15
885956,智慧政务,concept,同花顺概念,ths,308606,2026-07-12 17:54:15
885868,无线耳机,concept,同花顺概念,ths,308612,2026-07-12 17:54:15
886056,阿尔茨海默概念,concept,同花顺概念,ths,308614,2026-07-12 17:54:15
885874,云游戏,concept,同花顺概念,ths,308624,2026-07-12 17:54:15
885875,MiniLED,concept,同花顺概念,ths,308628,2026-07-12 17:54:15
885876,网红经济,concept,同花顺概念,ths,308630,2026-07-12 17:54:15
885878,HJT电池,concept,同花顺概念,ths,308632,2026-07-12 17:54:15
885881,云办公,concept,同花顺概念,ths,308634,2026-07-12 17:54:15
885882,消毒剂,concept,同花顺概念,ths,308636,2026-07-12 17:54:15
885887,数据中心(AIDC),concept,同花顺概念,ths,308642,2026-07-12 17:54:15
885888,C2M概念,concept,同花顺概念,ths,308646,2026-07-12 17:54:15
885898,免税店,concept,同花顺概念,ths,308657,2026-07-12 17:54:15
885918,快手概念,concept,同花顺概念,ths,308659,2026-07-12 17:54:15
885897,中芯国际概念,concept,同花顺概念,ths,308690,2026-07-12 17:54:15
885900,NMN概念,concept,同花顺概念,ths,308692,2026-07-12 17:54:15
885902,汽车拆解概念,concept,同花顺概念,ths,308694,2026-07-12 17:54:15
885904,代糖概念,concept,同花顺概念,ths,308696,2026-07-12 17:54:15
885905,注册制次新股,concept,同花顺概念,ths,308697,2026-07-12 17:54:15
885907,科创次新股,concept,同花顺概念,ths,308699,2026-07-12 17:54:15
885908,第三代半导体,concept,同花顺概念,ths,308700,2026-07-12 17:54:15
885909,辅助生殖,concept,同花顺概念,ths,308708,2026-07-12 17:54:15
885910,拼多多概念,concept,同花顺概念,ths,308709,2026-07-12 17:54:15
885913,医美概念,concept,同花顺概念,ths,308712,2026-07-12 17:54:15
885914,煤炭概念,concept,同花顺概念,ths,308716,2026-07-12 17:54:15
885915,物业管理,concept,同花顺概念,ths,308717,2026-07-12 17:54:15
885916,同花顺漂亮100,concept,同花顺概念,ths,308718,2026-07-12 17:54:15
885945,汽车芯片,concept,同花顺概念,ths,308725,2026-07-12 17:54:15
885920,光伏建筑一体化,concept,同花顺概念,ths,308729,2026-07-12 17:54:15
885923,鸿蒙概念,concept,同花顺概念,ths,308731,2026-07-12 17:54:15
885924,共同富裕示范区,concept,同花顺概念,ths,308732,2026-07-12 17:54:15
885926,牙科医疗,concept,同花顺概念,ths,308733,2026-07-12 17:54:15
885927,CRO概念,concept,同花顺概念,ths,308734,2026-07-12 17:54:15
885931,PVDF概念,concept,同花顺概念,ths,308742,2026-07-12 17:54:15
885933,NFT概念,concept,同花顺概念,ths,308748,2026-07-12 17:54:15
885934,元宇宙,concept,同花顺概念,ths,308752,2026-07-12 17:54:15
885935,抽水蓄能,concept,同花顺概念,ths,308753,2026-07-12 17:54:15
885936,绿色电力,concept,同花顺概念,ths,308760,2026-07-12 17:54:15
886004,虚拟电厂,concept,同花顺概念,ths,308761,2026-07-12 17:54:15
885937,培育钻石,concept,同花顺概念,ths,308774,2026-07-12 17:54:15
885938,换电概念,concept,同花顺概念,ths,308775,2026-07-12 17:54:15
885940,WiFi 6,concept,同花顺概念,ths,308791,2026-07-12 17:54:15
885950,虚拟数字人,concept,同花顺概念,ths,308794,2026-07-12 17:54:15
885942,数据安全,concept,同花顺概念,ths,308801,2026-07-12 17:54:15
885943,EDR概念,concept,同花顺概念,ths,308803,2026-07-12 17:54:15
885999,汽车热管理,concept,同花顺概念,ths,308805,2026-07-12 17:54:15
886001,高压快充,concept,同花顺概念,ths,308806,2026-07-12 17:54:15
885947,DRG/DIP,concept,同花顺概念,ths,308809,2026-07-12 17:54:15
885948,柔性直流输电,concept,同花顺概念,ths,308810,2026-07-12 17:54:15
885951,预制菜,concept,同花顺概念,ths,308814,2026-07-12 17:54:15
885952,幽门螺杆菌概念,concept,同花顺概念,ths,308818,2026-07-12 17:54:15
885955,重组蛋白,concept,同花顺概念,ths,308822,2026-07-12 17:54:15
885957,东数西算(算力),concept,同花顺概念,ths,308828,2026-07-12 17:54:15
885958,硅能源,concept,同花顺概念,ths,308829,2026-07-12 17:54:15
885959,PCB概念,concept,同花顺概念,ths,308832,2026-07-12 17:54:15
885960,民爆概念,concept,同花顺概念,ths,308834,2026-07-12 17:54:15
885963,智慧灯杆,concept,同花顺概念,ths,308841,2026-07-12 17:54:15
885964,俄乌冲突概念,concept,同花顺概念,ths,308850,2026-07-12 17:54:15
885965,中俄贸易概念,concept,同花顺概念,ths,308854,2026-07-12 17:54:15
885966,跨境支付(CIPS),concept,同花顺概念,ths,308855,2026-07-12 17:54:15
885968,托育服务,concept,同花顺概念,ths,308862,2026-07-12 17:54:15
885971,金属铅,concept,同花顺概念,ths,308864,2026-07-12 17:54:15
885975,电子身份证,concept,同花顺概念,ths,308869,2026-07-12 17:54:15
885977,国资云,concept,同花顺概念,ths,308874,2026-07-12 17:54:15
885980,华为鲲鹏,concept,同花顺概念,ths,308883,2026-07-12 17:54:15
885981,家庭医生,concept,同花顺概念,ths,308885,2026-07-12 17:54:15
885982,华为欧拉,concept,同花顺概念,ths,308887,2026-07-12 17:54:15
885985,毛发医疗,concept,同花顺概念,ths,308893,2026-07-12 17:54:15
885987,MicroLED概念,concept,同花顺概念,ths,308896,2026-07-12 17:54:15
885988,统一大市场,concept,同花顺概念,ths,308901,2026-07-12 17:54:15
885989,肝炎概念,concept,同花顺概念,ths,308915,2026-07-12 17:54:15
885990,露营经济,concept,同花顺概念,ths,308926,2026-07-12 17:54:15
885994,猴痘概念,concept,同花顺概念,ths,308941,2026-07-12 17:54:15
885995,粮食概念,concept,同花顺概念,ths,308956,2026-07-12 17:54:15
885996,超超临界发电,concept,同花顺概念,ths,308969,2026-07-12 17:54:15
885997,比亚迪概念,concept,同花顺概念,ths,308972,2026-07-12 17:54:15
885998,F5G概念,concept,同花顺概念,ths,308977,2026-07-12 17:54:15
886000,一体化压铸,concept,同花顺概念,ths,308984,2026-07-12 17:54:15
886005,生物质能发电,concept,同花顺概念,ths,308989,2026-07-12 17:54:15
886006,钙钛矿电池,concept,同花顺概念,ths,308991,2026-07-12 17:54:15
886007,TOPCON电池,concept,同花顺概念,ths,308992,2026-07-12 17:54:15
886008,减速器,concept,同花顺概念,ths,309000,2026-07-12 17:54:15
886009,先进封装,concept,同花顺概念,ths,309004,2026-07-12 17:54:15
886010,空气能热泵,concept,同花顺概念,ths,309007,2026-07-12 17:54:15
886013,信创,concept,同花顺概念,ths,309020,2026-07-12 17:54:15
886017,Web3.0,concept,同花顺概念,ths,309022,2026-07-12 17:54:15
886018,高压氧舱,concept,同花顺概念,ths,309023,2026-07-12 17:54:15
886020,PET铜箔,concept,同花顺概念,ths,309030,2026-07-12 17:54:15
,国企改革,concept,同花顺概念,ths,309034,2026-07-12 17:54:15
886023,数据确权,concept,同花顺概念,ths,309037,2026-07-12 17:54:15
886026,POE胶膜,concept,同花顺概念,ths,309040,2026-07-12 17:54:15
886028,血氧仪,concept,同花顺概念,ths,309042,2026-07-12 17:54:15
886030,成飞概念,concept,同花顺概念,ths,309045,2026-07-12 17:54:15
886031,ChatGPT概念,concept,同花顺概念,ths,309046,2026-07-12 17:54:15
886033,共封装光学(CPO),concept,同花顺概念,ths,309049,2026-07-12 17:54:15
886034,数字水印,concept,同花顺概念,ths,309050,2026-07-12 17:54:15
886035,毫米波雷达,concept,同花顺概念,ths,309051,2026-07-12 17:54:15
886037,6G概念,concept,同花顺概念,ths,309055,2026-07-12 17:54:15
886038,超导概念,concept,同花顺概念,ths,309056,2026-07-12 17:54:15
886039,ERP概念,concept,同花顺概念,ths,309058,2026-07-12 17:54:15
886040,MLOps概念,concept,同花顺概念,ths,309059,2026-07-12 17:54:15
886041,数据要素,concept,同花顺概念,ths,309060,2026-07-12 17:54:15
886044,液冷服务器,concept,同花顺概念,ths,309061,2026-07-12 17:54:15
886045,同花顺中特估100,concept,同花顺概念,ths,309062,2026-07-12 17:54:15
886046,MR(混合现实),concept,同花顺概念,ths,309063,2026-07-12 17:54:15
886048,英伟达概念,concept,同花顺概念,ths,309065,2026-07-12 17:54:15
886049,空间计算,concept,同花顺概念,ths,309066,2026-07-12 17:54:15
886050,算力租赁,concept,同花顺概念,ths,309068,2026-07-12 17:54:15
886051,减肥药,concept,同花顺概念,ths,309081,2026-07-12 17:54:15
886053,BC电池,concept,同花顺概念,ths,309084,2026-07-12 17:54:15
886054,光刻机,concept,同花顺概念,ths,309085,2026-07-12 17:54:15
886055,星闪概念,concept,同花顺概念,ths,309086,2026-07-12 17:54:15
886058,华为昇腾,concept,同花顺概念,ths,309090,2026-07-12 17:54:15
886059,智能座舱,concept,同花顺概念,ths,309092,2026-07-12 17:54:15
886060,短剧游戏,concept,同花顺概念,ths,309093,2026-07-12 17:54:15
886061,长安汽车概念,concept,同花顺概念,ths,309094,2026-07-12 17:54:15
886062,多模态AI,concept,同花顺概念,ths,309104,2026-07-12 17:54:15
886063,PEEK材料,concept,同花顺概念,ths,309105,2026-07-12 17:54:15
886064,小米汽车,concept,同花顺概念,ths,309106,2026-07-12 17:54:15
886065,可控核聚变,concept,同花顺概念,ths,309108,2026-07-12 17:54:15
886066,飞行汽车(eVTOL),concept,同花顺概念,ths,309113,2026-07-12 17:54:15
886068,AI视频,concept,同花顺概念,ths,309118,2026-07-12 17:54:15
886069,人形机器人,concept,同花顺概念,ths,309119,2026-07-12 17:54:15
886070,AI手机,concept,同花顺概念,ths,309120,2026-07-12 17:54:15
886071,AI PC,concept,同花顺概念,ths,309121,2026-07-12 17:54:15
886073,铜缆高速连接,concept,同花顺概念,ths,309125,2026-07-12 17:54:15
886074,AI语料,concept,同花顺概念,ths,309126,2026-07-12 17:54:15
886075,同花顺出海50,concept,同花顺概念,ths,309127,2026-07-12 17:54:15
886076,军工信息化,concept,同花顺概念,ths,309128,2026-07-12 17:54:15
886077,合成生物,concept,同花顺概念,ths,309129,2026-07-12 17:54:15
886080,财税数字化,concept,同花顺概念,ths,309134,2026-07-12 17:54:15
886081,维生素,concept,同花顺概念,ths,309135,2026-07-12 17:54:15
886082,同花顺果指数,concept,同花顺概念,ths,309136,2026-07-12 17:54:15
886084,光纤概念,concept,同花顺概念,ths,309151,2026-07-12 17:54:15
886085,AI眼镜,concept,同花顺概念,ths,309152,2026-07-12 17:54:15
886087,房屋检测,concept,同花顺概念,ths,309155,2026-07-12 17:54:15
886090,智谱AI,concept,同花顺概念,ths,309164,2026-07-12 17:54:15
886091,华为手机,concept,同花顺概念,ths,309167,2026-07-12 17:54:15
886093,华为数字能源,concept,同花顺概念,ths,309169,2026-07-12 17:54:15
886094,华为盘古,concept,同花顺概念,ths,309170,2026-07-12 17:54:15
886095,IP经济(谷子经济),concept,同花顺概念,ths,309174,2026-07-12 17:54:15
886096,同花顺新质50,concept,同花顺概念,ths,309177,2026-07-12 17:54:15
886098,小红书概念,concept,同花顺概念,ths,309182,2026-07-12 17:54:15
886101,兵装重组概念,concept,同花顺概念,ths,309185,2026-07-12 17:54:15
886102,中国AI 50,concept,同花顺概念,ths,309187,2026-07-12 17:54:15
886105,雅下水电概念,concept,同花顺概念,ths,309261,2026-07-12 17:54:15
886109,2026一季报预增,concept,同花顺概念,ths,309265,2026-07-12 17:54:15
886110,2026中报预增,concept,同花顺概念,ths,309267,2026-07-12 17:54:15
886111,玻璃基板,concept,同花顺概念,ths,309268,2026-07-12 17:54:15
710002,DeFi 去中心化金融,concept,同花顺概念,ths,710002,2026-07-12 17:54:15
803003,摩尔线程概念,concept,同花顺题材,ths,803003,2026-07-12 17:54:15
803012,SOFC电池,concept,同花顺题材,ths,803012,2026-07-12 17:54:15
803017,消防,concept,同花顺题材,ths,803017,2026-07-12 17:54:15
803023,AI应用,concept,同花顺题材,ths,803023,2026-07-12 17:54:15
803024,低价股,concept,同花顺题材,ths,803024,2026-07-12 17:54:15
803029,物理AI,concept,同花顺题材,ths,803029,2026-07-12 17:54:15
883436,周期,concept,同花顺概念,ths,883436,2026-07-12 17:54:15
885284,稀缺资源,concept,同花顺概念,ths,885284,2026-07-12 17:54:15
885304,生物质能,concept,同花顺概念,ths,885304,2026-07-12 17:54:15
885381,美丽中国,concept,同花顺概念,ths,885381,2026-07-12 17:54:15
885395,宽带中国,concept,同花顺概念,ths,885395,2026-07-12 17:54:15
885403,生物医药,concept,同花顺概念,ths,885403,2026-07-12 17:54:15
885420,电子商务,concept,同花顺概念,ths,885420,2026-07-12 17:54:15
885433,节能照明,concept,同花顺概念,ths,885433,2026-07-12 17:54:15
885452,大数据,concept,同花顺概念,ths,885452,2026-07-12 17:54:15
885481,电子发票,concept,同花顺概念,ths,885481,2026-07-12 17:54:15
885482,参股民营银行,concept,同花顺概念,ths,885482,2026-07-12 17:54:15
885496,油品改革,concept,同花顺概念,ths,885496,2026-07-12 17:54:15
885500,通用航空,concept,同花顺概念,ths,885500,2026-07-12 17:54:15
885503,蓝宝石,concept,同花顺概念,ths,885503,2026-07-12 17:54:15
885516,马云概念,concept,同花顺概念,ths,885516,2026-07-12 17:54:15
885527,医疗改革,concept,同花顺概念,ths,885527,2026-07-12 17:54:15
885544,新材料概念,concept,同花顺概念,ths,885544,2026-07-12 17:54:15
885554,金融IC,concept,同花顺概念,ths,885554,2026-07-12 17:54:15
885559,超导,concept,同花顺概念,ths,885559,2026-07-12 17:54:15
885560,金改,concept,同花顺概念,ths,885560,2026-07-12 17:54:15
885561,O2O概念,concept,同花顺概念,ths,885561,2026-07-12 17:54:15
885563,节能环保,concept,同花顺概念,ths,885563,2026-07-12 17:54:15
885567,太阳能,concept,同花顺概念,ths,885567,2026-07-12 17:54:15
885568,国产软件,concept,同花顺概念,ths,885568,2026-07-12 17:54:15
885588,电力改革,concept,同花顺概念,ths,885588,2026-07-12 17:54:15
885605,P2P概念,concept,同花顺概念,ths,885605,2026-07-12 17:54:15
885616,迪士尼,concept,同花顺概念,ths,885616,2026-07-12 17:54:15
885619,工业4.0,concept,同花顺概念,ths,885619,2026-07-12 17:54:15
885647,互联网彩票,concept,同花顺概念,ths,885647,2026-07-12 17:54:15
885648,物流电商平台,concept,同花顺概念,ths,885648,2026-07-12 17:54:15
885651,两桶油改革,concept,同花顺概念,ths,885651,2026-07-12 17:54:15
885657,供应链金融,concept,同花顺概念,ths,885657,2026-07-12 17:54:15
885658,移动互联网,concept,同花顺概念,ths,885658,2026-07-12 17:54:15
885668,油品升级,concept,同花顺概念,ths,885668,2026-07-12 17:54:15
885675,集成电路概念,concept,同花顺概念,ths,885675,2026-07-12 17:54:15
885682,能源互联网,concept,同花顺概念,ths,885682,2026-07-12 17:54:15
885687,新能源,concept,同花顺概念,ths,885687,2026-07-12 17:54:15
885689,高校,concept,同花顺概念,ths,885689,2026-07-12 17:54:15
885701,杭州亚运会,concept,同花顺概念,ths,885701,2026-07-12 17:54:15
885703,健康中国,concept,同花顺概念,ths,885703,2026-07-12 17:54:15
885704,东盟自贸区,concept,同花顺概念,ths,885704,2026-07-12 17:54:15
885724,互联网+,concept,同花顺概念,ths,885724,2026-07-12 17:54:15
885729,参股新三板,concept,同花顺概念,ths,885729,2026-07-12 17:54:15
885732,电子信息,concept,同花顺概念,ths,885732,2026-07-12 17:54:15
885735,二维码识别,concept,同花顺概念,ths,885735,2026-07-12 17:54:15
885746,消费金融,concept,同花顺概念,ths,885746,2026-07-12 17:54:15
885751,参股万达商业,concept,同花顺概念,ths,885751,2026-07-12 17:54:15
885752,王者荣耀,concept,同花顺概念,ths,885752,2026-07-12 17:54:15
885754,微信小程序,concept,同花顺概念,ths,885754,2026-07-12 17:54:15
885762,参股360,concept,同花顺概念,ths,885762,2026-07-12 17:54:15
885765,互联网医疗,concept,同花顺概念,ths,885765,2026-07-12 17:54:15
885766,智能交通,concept,同花顺概念,ths,885766,2026-07-12 17:54:15
885784,新零售,concept,同花顺概念,ths,885784,2026-07-12 17:54:15
885788,网络直播,concept,同花顺概念,ths,885788,2026-07-12 17:54:15
885790,边缘计算,concept,同花顺概念,ths,885790,2026-07-12 17:54:15
885793,数字中国,concept,同花顺概念,ths,885793,2026-07-12 17:54:15
885794,空铁WIFI,concept,同花顺概念,ths,885794,2026-07-12 17:54:15
885796,送转填权,concept,同花顺概念,ths,885796,2026-07-12 17:54:15
885798,燃料乙醇,concept,同花顺概念,ths,885798,2026-07-12 17:54:15
885799,北汽新能源,concept,同花顺概念,ths,885799,2026-07-12 17:54:15
885802,壳资源,concept,同花顺概念,ths,885802,2026-07-12 17:54:15
885813,商誉减值,concept,同花顺概念,ths,885813,2026-07-12 17:54:15
885816,超清视频,concept,同花顺概念,ths,885816,2026-07-12 17:54:15
885817,科创板预期,concept,同花顺概念,ths,885817,2026-07-12 17:54:15
885821,网络切片,concept,同花顺概念,ths,885821,2026-07-12 17:54:15
885822,太空互联网,concept,同花顺概念,ths,885822,2026-07-12 17:54:15
885824,科创板IPO,concept,同花顺概念,ths,885824,2026-07-12 17:54:15
885826,外资券商影子股,concept,同花顺概念,ths,885826,2026-07-12 17:54:15
885828,融媒体,concept,同花顺概念,ths,885828,2026-07-12 17:54:15
885830,透明工厂,concept,同花顺概念,ths,885830,2026-07-12 17:54:15
885831,超级真菌,concept,同花顺概念,ths,885831,2026-07-12 17:54:15
885833,黑洞概念,concept,同花顺概念,ths,885833,2026-07-12 17:54:15
885836,台湾概念股,concept,同花顺概念,ths,885836,2026-07-12 17:54:15
885837,郭台铭概念,concept,同花顺概念,ths,885837,2026-07-12 17:54:15
885840,人民币贬值受益,concept,同花顺概念,ths,885840,2026-07-12 17:54:15
885853,沪伦通概念,concept,同花顺概念,ths,885853,2026-07-12 17:54:15
885855,创业板重组松绑,concept,同花顺概念,ths,885855,2026-07-12 17:54:15
885858,科创板公司,concept,同花顺概念,ths,885858,2026-07-12 17:54:15
885859,科创板对标,concept,同花顺概念,ths,885859,2026-07-12 17:54:15
885862,氢氟酸,concept,同花顺概念,ths,885862,2026-07-12 17:54:15
885869,一季报预增,concept,同花顺概念,ths,885869,2026-07-12 17:54:15
885871,胎压监测,concept,同花顺概念,ths,885871,2026-07-12 17:54:15
885872,澳交所概念,concept,同花顺概念,ths,885872,2026-07-12 17:54:15
885873,分拆上市意愿,concept,同花顺概念,ths,885873,2026-07-12 17:54:15
885880,口罩,concept,同花顺概念,ths,885880,2026-07-12 17:54:15
885883,医疗废物处理,concept,同花顺概念,ths,885883,2026-07-12 17:54:15
885885,氮化镓,concept,同花顺概念,ths,885885,2026-07-12 17:54:15
885889,富媒体,concept,同花顺概念,ths,885889,2026-07-12 17:54:15
885891,新三板精选层概念,concept,同花顺概念,ths,885891,2026-07-12 17:54:15
885895,室外经济,concept,同花顺概念,ths,885895,2026-07-12 17:54:15
885911,社区团购,concept,同花顺概念,ths,885911,2026-07-12 17:54:15
885917,新冠检测,concept,同花顺概念,ths,885917,2026-07-12 17:54:15
885932,北交所概念,concept,同花顺概念,ths,885932,2026-07-12 17:54:15
885940,WiFi6,concept,同花顺概念,ths,885940,2026-07-12 17:54:15
885941,智能制造,concept,同花顺概念,ths,885941,2026-07-12 17:54:15
885978,低辐射玻璃(Low-E),concept,同花顺概念,ths,885978,2026-07-12 17:54:15
885984,恒大概念,concept,同花顺概念,ths,885984,2026-07-12 17:54:15
885992,噪声防治,concept,同花顺概念,ths,885992,2026-07-12 17:54:15
885993,方舱医院,concept,同花顺概念,ths,885993,2026-07-12 17:54:15
886019,AIGC概念,concept,同花顺概念,ths,886019,2026-07-12 17:54:15
886086,西部大开发,concept,同花顺概念,ths,886086,2026-07-12 17:54:15
886088,2024三季报预增,concept,同花顺概念,ths,886088,2026-07-12 17:54:15
886089,回购增持再贷款概念,concept,同花顺概念,ths,886089,2026-07-12 17:54:15
886097,2024年报预增,concept,同花顺概念,ths,886097,2026-07-12 17:54:15
886099,AI智能体,concept,同花顺概念,ths,886099,2026-07-12 17:54:15
886100,DeepSeek概念,concept,同花顺概念,ths,886100,2026-07-12 17:54:15
886103,2025一季报预增,concept,同花顺概念,ths,886103,2026-07-12 17:54:15
886104,2025中报预增,concept,同花顺概念,ths,886104,2026-07-12 17:54:15
886106,2025三季报预增,concept,同花顺概念,ths,886106,2026-07-12 17:54:15
886107,2025年报预增,concept,同花顺概念,ths,886107,2026-07-12 17:54:15
886108,AI应用,concept,同花顺概念,ths,886108,2026-07-12 17:54:15
881101,种植业与林业,industry,同花顺行业,ths,881101,2026-07-12 17:54:15
881102,养殖业,industry,同花顺行业,ths,881102,2026-07-12 17:54:15
881103,农产品加工,industry,同花顺行业,ths,881103,2026-07-12 17:54:15
881104,农业服务,industry,同花顺行业,ths,881104,2026-07-12 17:54:15
881105,煤炭开采加工,industry,同花顺行业,ths,881105,2026-07-12 17:54:15
881106,石油矿业开采,industry,同花顺行业,ths,881106,2026-07-12 17:54:15
881107,油气开采及服务,industry,同花顺行业,ths,881107,2026-07-12 17:54:15
881108,化学原料,industry,同花顺行业,ths,881108,2026-07-12 17:54:15
881109,化学制品,industry,同花顺行业,ths,881109,2026-07-12 17:54:15
881110,化工合成材料,industry,同花顺行业,ths,881110,2026-07-12 17:54:15
881111,化工新材料,industry,同花顺行业,ths,881111,2026-07-12 17:54:15
881112,钢铁,industry,同花顺行业,ths,881112,2026-07-12 17:54:15
881113,有色冶炼加工,industry,同花顺行业,ths,881113,2026-07-12 17:54:15
881114,金属新材料,industry,同花顺行业,ths,881114,2026-07-12 17:54:15
881115,建筑材料,industry,同花顺行业,ths,881115,2026-07-12 17:54:15
881116,建筑装饰,industry,同花顺行业,ths,881116,2026-07-12 17:54:15
881117,通用设备,industry,同花顺行业,ths,881117,2026-07-12 17:54:15
881118,专用设备,industry,同花顺行业,ths,881118,2026-07-12 17:54:15
881119,仪器仪表,industry,同花顺行业,ths,881119,2026-07-12 17:54:15
881120,电力设备,industry,同花顺行业,ths,881120,2026-07-12 17:54:15
881121,半导体,industry,同花顺行业,ths,881121,2026-07-12 17:54:15
881122,光学光电子,industry,同花顺行业,ths,881122,2026-07-12 17:54:15
881123,其他电子,industry,同花顺行业,ths,881123,2026-07-12 17:54:15
881124,消费电子,industry,同花顺行业,ths,881124,2026-07-12 17:54:15
881125,汽车整车,industry,同花顺行业,ths,881125,2026-07-12 17:54:15
881126,汽车零部件,industry,同花顺行业,ths,881126,2026-07-12 17:54:15
881127,非汽车交运,industry,同花顺行业,ths,881127,2026-07-12 17:54:15
881128,汽车服务及其他,industry,同花顺行业,ths,881128,2026-07-12 17:54:15
881129,通信设备,industry,同花顺行业,ths,881129,2026-07-12 17:54:15
881130,计算机设备,industry,同花顺行业,ths,881130,2026-07-12 17:54:15
881131,白色家电,industry,同花顺行业,ths,881131,2026-07-12 17:54:15
881132,黑色家电,industry,同花顺行业,ths,881132,2026-07-12 17:54:15
881133,饮料制造,industry,同花顺行业,ths,881133,2026-07-12 17:54:15
881134,食品加工制造,industry,同花顺行业,ths,881134,2026-07-12 17:54:15
881135,纺织制造,industry,同花顺行业,ths,881135,2026-07-12 17:54:15
881136,服装家纺,industry,同花顺行业,ths,881136,2026-07-12 17:54:15
881137,造纸,industry,同花顺行业,ths,881137,2026-07-12 17:54:15
881138,包装印刷,industry,同花顺行业,ths,881138,2026-07-12 17:54:15
881139,家居用品,industry,同花顺行业,ths,881139,2026-07-12 17:54:15
881140,化学制药,industry,同花顺行业,ths,881140,2026-07-12 17:54:15
881141,中药,industry,同花顺行业,ths,881141,2026-07-12 17:54:15
881142,生物制品,industry,同花顺行业,ths,881142,2026-07-12 17:54:15
881143,医药商业,industry,同花顺行业,ths,881143,2026-07-12 17:54:15
881144,医疗器械,industry,同花顺行业,ths,881144,2026-07-12 17:54:15
881145,电力,industry,同花顺行业,ths,881145,2026-07-12 17:54:15
881146,燃气,industry,同花顺行业,ths,881146,2026-07-12 17:54:15
881147,环保工程,industry,同花顺行业,ths,881147,2026-07-12 17:54:15
881148,港口航运,industry,同花顺行业,ths,881148,2026-07-12 17:54:15
881149,公路铁路运输,industry,同花顺行业,ths,881149,2026-07-12 17:54:15
881150,公交,industry,同花顺行业,ths,881150,2026-07-12 17:54:15
881151,机场航运,industry,同花顺行业,ths,881151,2026-07-12 17:54:15
881152,物流,industry,同花顺行业,ths,881152,2026-07-12 17:54:15
881153,房地产,industry,同花顺行业,ths,881153,2026-07-12 17:54:15
881154,园区开发,industry,同花顺行业,ths,881154,2026-07-12 17:54:15
881155,银行,industry,同花顺行业,ths,881155,2026-07-12 17:54:15
881156,保险,industry,同花顺行业,ths,881156,2026-07-12 17:54:15
881157,证券,industry,同花顺行业,ths,881157,2026-07-12 17:54:15
881158,零售,industry,同花顺行业,ths,881158,2026-07-12 17:54:15
881159,贸易,industry,同花顺行业,ths,881159,2026-07-12 17:54:15
881160,旅游及酒店,industry,同花顺行业,ths,881160,2026-07-12 17:54:15
881161,酒店及餐饮,industry,同花顺行业,ths,881161,2026-07-12 17:54:15
881162,通信服务,industry,同花顺行业,ths,881162,2026-07-12 17:54:15
881163,计算机应用,industry,同花顺行业,ths,881163,2026-07-12 17:54:15
881164,文化传媒,industry,同花顺行业,ths,881164,2026-07-12 17:54:15
881165,综合,industry,同花顺行业,ths,881165,2026-07-12 17:54:15
881166,军工装备,industry,同花顺行业,ths,881166,2026-07-12 17:54:15
881167,非金属材料,industry,同花顺行业,ths,881167,2026-07-12 17:54:15
881168,工业金属,industry,同花顺行业,ths,881168,2026-07-12 17:54:15
881169,贵金属,industry,同花顺行业,ths,881169,2026-07-12 17:54:15
881170,小金属,industry,同花顺行业,ths,881170,2026-07-12 17:54:15
881171,自动化设备,industry,同花顺行业,ths,881171,2026-07-12 17:54:15
881172,电子化学品,industry,同花顺行业,ths,881172,2026-07-12 17:54:15
881173,小家电,industry,同花顺行业,ths,881173,2026-07-12 17:54:15
881174,厨卫电器,industry,同花顺行业,ths,881174,2026-07-12 17:54:15
881175,医疗服务,industry,同花顺行业,ths,881175,2026-07-12 17:54:15
881176,房地产服务,industry,同花顺行业,ths,881176,2026-07-12 17:54:15
881177,互联网电商,industry,同花顺行业,ths,881177,2026-07-12 17:54:15
881178,教育,industry,同花顺行业,ths,881178,2026-07-12 17:54:15
881179,其他社会服务,industry,同花顺行业,ths,881179,2026-07-12 17:54:15
881180,石油加工贸易,industry,同花顺行业,ths,881180,2026-07-12 17:54:15
881181,环境治理,industry,同花顺行业,ths,881181,2026-07-12 17:54:15
881182,美容护理,industry,同花顺行业,ths,881182,2026-07-12 17:54:15
881263,农化制品,industry,同花顺行业,ths,881263,2026-07-12 17:54:15
881264,化学纤维,industry,同花顺行业,ths,881264,2026-07-12 17:54:15
881265,塑料制品,industry,同花顺行业,ths,881265,2026-07-12 17:54:15
881266,橡胶制品,industry,同花顺行业,ths,881266,2026-07-12 17:54:15
881267,能源金属,industry,同花顺行业,ths,881267,2026-07-12 17:54:15
881268,工程机械,industry,同花顺行业,ths,881268,2026-07-12 17:54:15
881269,轨交设备,industry,同花顺行业,ths,881269,2026-07-12 17:54:15
881270,元件,industry,同花顺行业,ths,881270,2026-07-12 17:54:15
881271,IT服务,industry,同花顺行业,ths,881271,2026-07-12 17:54:15
881272,软件开发,industry,同花顺行业,ths,881272,2026-07-12 17:54:15
881273,白酒,industry,同花顺行业,ths,881273,2026-07-12 17:54:15
881274,影视院线,industry,同花顺行业,ths,881274,2026-07-12 17:54:15
881275,游戏,industry,同花顺行业,ths,881275,2026-07-12 17:54:15
881276,军工电子,industry,同花顺行业,ths,881276,2026-07-12 17:54:15
881277,电机,industry,同花顺行业,ths,881277,2026-07-12 17:54:15
881278,电网设备,industry,同花顺行业,ths,881278,2026-07-12 17:54:15
881279,光伏设备,industry,同花顺行业,ths,881279,2026-07-12 17:54:15
881280,风电设备,industry,同花顺行业,ths,881280,2026-07-12 17:54:15
881281,电池,industry,同花顺行业,ths,881281,2026-07-12 17:54:15
881282,其他电源设备,industry,同花顺行业,ths,881282,2026-07-12 17:54:15
881283,多元金融,industry,同花顺行业,ths,881283,2026-07-12 17:54:15
881284,环保设备,industry,同花顺行业,ths,881284,2026-07-12 17:54:15
885700,军工,concept,同花顺概念,ths,300082,2026-07-22 10:19:30
885413,创投,concept,同花顺概念,ths,300168,2026-07-22 10:19:30
885641,风电,concept,同花顺概念,ths,300200,2026-07-22 10:19:30
885571,核电,concept,同花顺概念,ths,300238,2026-07-22 10:19:30
885378,智慧城市,concept,同花顺概念,ths,300642,2026-07-22 10:19:30
885574,卫星导航,concept,同花顺概念,ths,300722,2026-07-22 10:19:30
885517,机器人概念,concept,同花顺概念,ths,300816,2026-07-22 10:19:30
885705,乡村振兴,concept,同花顺概念,ths,300836,2026-07-22 10:19:30
885991,新型城镇化,concept,同花顺概念,ths,300841,2026-07-22 10:19:30
885564,无人机,concept,同花顺概念,ths,300889,2026-07-22 10:19:30
885478,智能家居,concept,同花顺概念,ths,300920,2026-07-22 10:19:30
885946,传感器,concept,同花顺概念,ths,301016,2026-07-22 10:19:30
885797,百度概念,concept,同花顺概念,ths,301259,2026-07-22 10:19:30
885494,一带一路,concept,同花顺概念,ths,301365,2026-07-22 10:19:30
885806,华为概念,concept,同花顺概念,ths,301459,2026-07-22 10:19:30
885522,养老概念,concept,同花顺概念,ths,301494,2026-07-22 10:19:30
885611,阿里巴巴概念,concept,同花顺概念,ths,301558,2026-07-22 10:19:30
885779,腾讯概念,concept,同花顺概念,ths,302010,2026-07-22 10:19:30
885728,人工智能,concept,同花顺概念,ths,302035,2026-07-22 10:19:30
885921,储能,concept,同花顺概念,ths,306380,2026-07-22 10:19:30
885823,氢能源,concept,同花顺概念,ths,308491,2026-07-22 10:19:30
885919,碳中和,concept,同花顺概念,ths,308728,2026-07-22 10:19:30
885929,专精特新,concept,同花顺概念,ths,308740,2026-07-22 10:19:30
885976,数字经济,concept,同花顺概念,ths,308870,2026-07-22 10:19:30
886057,新型工业化,concept,同花顺概念,ths,309089,2026-07-22 10:19:30
886067,低空经济,concept,同花顺概念,ths,309115,2026-07-22 10:19:30
886072,高股息精选,concept,同花顺概念,ths,309124,2026-07-22 10:19:30
886078,商业航天,concept,同花顺概念,ths,309130,2026-07-22 10:19:30
801001,芯片,concept,同花顺题材,ths,,2026-07-22 10:19:30
801004,锂电池,concept,同花顺题材,ths,,2026-07-22 10:19:30
801012,钢铁,concept,同花顺题材,ths,,2026-07-22 10:19:30
801019,物流,concept,同花顺题材,ths,,2026-07-22 10:19:30
801027,银行,concept,同花顺题材,ths,,2026-07-22 10:19:30
801031,文化传媒,concept,同花顺题材,ths,,2026-07-22 10:19:30
801033,国有企业,concept,同花顺题材,ths,,2026-07-22 10:19:30
801035,酿酒,concept,同花顺题材,ths,,2026-07-22 10:19:30
801039,机场航空,concept,同花顺题材,ths,,2026-07-22 10:19:30
801040,造纸,concept,同花顺题材,ths,,2026-07-22 10:19:30
801045,医药,concept,同花顺题材,ths,,2026-07-22 10:19:30
801046,医疗器械,concept,同花顺题材,ths,,2026-07-22 10:19:30
801047,钠电池,concept,同花顺题材,ths,,2026-07-22 10:19:30
801048,黄金,concept,同花顺题材,ths,,2026-07-22 10:19:30
801050,彩票概念,concept,同花顺题材,ths,,2026-07-22 10:19:30
801052,环保,concept,同花顺题材,ths,,2026-07-22 10:19:30
801053,零售,concept,同花顺题材,ths,,2026-07-22 10:19:30
801057,石油石化,concept,同花顺题材,ths,,2026-07-22 10:19:30
801059,字节概念,concept,同花顺题材,ths,,2026-07-22 10:19:30
801067,面板,concept,同花顺题材,ths,,2026-07-22 10:19:30
801069,家电,concept,同花顺题材,ths,,2026-07-22 10:19:30
801070,光伏,concept,同花顺题材,ths,,2026-07-22 10:19:30
801071,保险,concept,同花顺题材,ths,,2026-07-22 10:19:30
801075,自主可控,concept,同花顺题材,ths,,2026-07-22 10:19:30
801080,煤炭,concept,同花顺题材,ths,,2026-07-22 10:19:30
801081,证券,concept,同花顺题材,ths,,2026-07-22 10:19:30
801082,ST摘帽,concept,同花顺题材,ths,,2026-07-22 10:19:30
801086,玻璃,concept,同花顺题材,ths,,2026-07-22 10:19:30
801088,有色金属,concept,同花顺题材,ths,,2026-07-22 10:19:30
801092,铅酸电池,concept,同花顺题材,ths,,2026-07-22 10:19:30
801095,游戏,concept,同花顺题材,ths,,2026-07-22 10:19:30
801100,生育概念,concept,同花顺题材,ths,,2026-07-22 10:19:30
801114,外贸,concept,同花顺题材,ths,,2026-07-22 10:19:30
801115,海南,concept,同花顺题材,ths,,2026-07-22 10:19:30
801117,港口,concept,同花顺题材,ths,,2026-07-22 10:19:30
801120,电力,concept,同花顺题材,ths,,2026-07-22 10:19:30
885802,壳资源,concept,同花顺题材,ths,,2026-07-22 10:19:30
801123,服装家纺,concept,同花顺题材,ths,,2026-07-22 10:19:30
885568,国产软件,concept,同花顺题材,ths,,2026-07-22 10:19:30
801132,粤港澳,concept,同花顺题材,ths,,2026-07-22 10:19:30
801133,eSIM,concept,同花顺题材,ths,,2026-07-22 10:19:30
801137,醋酸,concept,同花顺题材,ths,,2026-07-22 10:19:30
801144,医美,concept,同花顺题材,ths,,2026-07-22 10:19:30
885911,社区团购,concept,同花顺题材,ths,,2026-07-22 10:19:30
801157,智慧停车,concept,同花顺题材,ths,,2026-07-22 10:19:30
801162,超跌,concept,同花顺题材,ths,,2026-07-22 10:19:30
801164,自行车,concept,同花顺题材,ths,,2026-07-22 10:19:30
801168,工业气体,concept,同花顺题材,ths,,2026-07-22 10:19:30
801169,VR/AR/MR,concept,同花顺题材,ths,,2026-07-22 10:19:30
801184,包装印刷,concept,同花顺题材,ths,,2026-07-22 10:19:30
801193,知识产权,concept,同花顺题材,ths,,2026-07-22 10:19:30
801196,LED,concept,同花顺题材,ths,,2026-07-22 10:19:30
885796,送转填权,concept,同花顺题材,ths,,2026-07-22 10:19:30
801199,汽车零部件,concept,同花顺题材,ths,,2026-07-22 10:19:30
885765,互联网医疗,concept,同花顺题材,ths,,2026-07-22 10:19:30
801202,世界杯概念,concept,同花顺题材,ths,,2026-07-22 10:19:30
801209,振兴东北,concept,同花顺题材,ths,,2026-07-22 10:19:30
801210,操作系统,concept,同花顺题材,ths,,2026-07-22 10:19:30
801211,新疆,concept,同花顺题材,ths,,2026-07-22 10:19:30
801220,食品饮料,concept,同花顺题材,ths,,2026-07-22 10:19:30
801232,环球影城,concept,同花顺题材,ths,,2026-07-22 10:19:30
801234,航运,concept,同花顺题材,ths,,2026-07-22 10:19:30
801235,化工,concept,同花顺题材,ths,,2026-07-22 10:19:30
801241,核污染概念,concept,同花顺题材,ths,,2026-07-22 10:19:30
801246,水务,concept,同花顺题材,ths,,2026-07-22 10:19:30
801248,智能驾驶,concept,同花顺题材,ths,,2026-07-22 10:19:30
801251,送转预期,concept,同花顺题材,ths,,2026-07-22 10:19:30
801253,数字能源,concept,同花顺题材,ths,,2026-07-22 10:19:30
801254,防脱发,concept,同花顺题材,ths,,2026-07-22 10:19:30
801270,基础建设,concept,同花顺题材,ths,,2026-07-22 10:19:30
801273,股权转让,concept,同花顺题材,ths,,2026-07-22 10:19:30
801306,深圳,concept,同花顺题材,ths,,2026-07-22 10:19:30
801310,浙江,concept,同花顺题材,ths,,2026-07-22 10:19:30
801313,金融概念,concept,同花顺题材,ths,,2026-07-22 10:19:30
885689,高校,concept,同花顺题材,ths,,2026-07-22 10:19:30
801319,福建,concept,同花顺题材,ths,,2026-07-22 10:19:30
801321,广电网,concept,同花顺题材,ths,,2026-07-22 10:19:30
801322,芬太尼替代,concept,同花顺题材,ths,,2026-07-22 10:19:30
801328,消费电子,concept,同花顺题材,ths,,2026-07-22 10:19:30
801330,旅游,concept,同花顺题材,ths,,2026-07-22 10:19:30
801332,大麻,concept,同花顺题材,ths,,2026-07-22 10:19:30
801342,超高清视频,concept,同花顺题材,ths,,2026-07-22 10:19:30
801351,科创板,concept,同花顺题材,ths,,2026-07-22 10:19:30
801359,华为海思,concept,同花顺题材,ths,,2026-07-22 10:19:30
801366,业绩增长,concept,同花顺题材,ths,,2026-07-22 10:19:30
801369,病毒防治,concept,同花顺题材,ths,,2026-07-22 10:19:30
801374,造船,concept,同花顺题材,ths,,2026-07-22 10:19:30
885544,新材料概念,concept,同花顺题材,ths,,2026-07-22 10:19:30
885703,健康中国,concept,同花顺题材,ths,,2026-07-22 10:19:30
801377,金刚石概念,concept,同花顺题材,ths,,2026-07-22 10:19:30
801380,生鲜电商,concept,同花顺题材,ths,,2026-07-22 10:19:30
801382,分拆上市预期,concept,同花顺题材,ths,,2026-07-22 10:19:30
801386,轨道交通,concept,同花顺题材,ths,,2026-07-22 10:19:30
801388,VPN,concept,同花顺题材,ths,,2026-07-22 10:19:30
801391,美容护理,concept,同花顺题材,ths,,2026-07-22 10:19:30
801411,柔性屏,concept,同花顺题材,ths,,2026-07-22 10:19:30
885784,新零售,concept,同花顺题材,ths,,2026-07-22 10:19:30
801414,教育,concept,同花顺题材,ths,,2026-07-22 10:19:30
885481,电子发票,concept,同花顺题材,ths,,2026-07-22 10:19:30
885500,通用航空,concept,同花顺题材,ths,,2026-07-22 10:19:30
885503,蓝宝石,concept,同花顺题材,ths,,2026-07-22 10:19:30
885766,智能交通,concept,同花顺题材,ths,,2026-07-22 10:19:30
801433,光学镜头,concept,同花顺题材,ths,,2026-07-22 10:19:30
801445,元器件,concept,同花顺题材,ths,,2026-07-22 10:19:30
801450,年报预增,concept,同花顺题材,ths,,2026-07-22 10:19:30
801451,wifi6/7,concept,同花顺题材,ths,,2026-07-22 10:19:30
801457,武汉,concept,同花顺题材,ths,,2026-07-22 10:19:30
801461,C2M,concept,同花顺题材,ths,,2026-07-22 10:19:30
801462,RCS,concept,同花顺题材,ths,,2026-07-22 10:19:30
801464,农业,concept,同花顺题材,ths,,2026-07-22 10:19:30
801467,REITs,concept,同花顺题材,ths,,2026-07-22 10:19:30
801468,电子烟,concept,同花顺题材,ths,,2026-07-22 10:19:30
886086,西部大开发,concept,同花顺题材,ths,,2026-07-22 10:19:30
801471,免税,concept,同花顺题材,ths,,2026-07-22 10:19:30
801493,光储充一体化,concept,同花顺题材,ths,,2026-07-22 10:19:30
801519,汽车类,concept,同花顺题材,ths,,2026-07-22 10:19:30
801529,激光,concept,同花顺题材,ths,,2026-07-22 10:19:30
801530,中字头,concept,同花顺题材,ths,,2026-07-22 10:19:30
885304,生物质能,concept,同花顺题材,ths,,2026-07-22 10:19:30
801547,碳基材料,concept,同花顺题材,ths,,2026-07-22 10:19:30
801571,一季报增长,concept,同花顺题材,ths,,2026-07-22 10:19:30
801572,中报增长,concept,同花顺题材,ths,,2026-07-22 10:19:30
801573,三季报增长,concept,同花顺题材,ths,,2026-07-22 10:19:30
801574,年报增长,concept,同花顺题材,ths,,2026-07-22 10:19:30
801575,智慧矿山,concept,同花顺题材,ths,,2026-07-22 10:19:30
801576,石墨化,concept,同花顺题材,ths,,2026-07-22 10:19:30
801578,铀矿,concept,同花顺题材,ths,,2026-07-22 10:19:30
801579,垃圾发电,concept,同花顺题材,ths,,2026-07-22 10:19:30
801580,发电机,concept,同花顺题材,ths,,2026-07-22 10:19:30
801589,电机电控,concept,同花顺题材,ths,,2026-07-22 10:19:30
801595,北交所,concept,同花顺题材,ths,,2026-07-22 10:19:30
801606,成渝经济圈,concept,同花顺题材,ths,,2026-07-22 10:19:30
801613,幽门螺杆菌,concept,同花顺题材,ths,,2026-07-22 10:19:30
801622,跨境支付,concept,同花顺题材,ths,,2026-07-22 10:19:30
801623,远东开发,concept,同花顺题材,ths,,2026-07-22 10:19:30
801625,在线办公,concept,同花顺题材,ths,,2026-07-22 10:19:30
801635,平台经济,concept,同花顺题材,ths,,2026-07-22 10:19:30
801637,文创产品,concept,同花顺题材,ths,,2026-07-22 10:19:30
801640,就业概念,concept,同花顺题材,ths,,2026-07-22 10:19:30
801642,石英材料,concept,同花顺题材,ths,,2026-07-22 10:19:30
801648,数字藏品,concept,同花顺题材,ths,,2026-07-22 10:19:30
801651,湖南,concept,同花顺题材,ths,,2026-07-22 10:19:30
801653,霍乱概念,concept,同花顺题材,ths,,2026-07-22 10:19:30
801656,热泵,concept,同花顺题材,ths,,2026-07-22 10:19:30
801660,通信,concept,同花顺题材,ths,,2026-07-22 10:19:30
801662,火电灵活改造,concept,同花顺题材,ths,,2026-07-22 10:19:30
801672,web3.0,concept,同花顺题材,ths,,2026-07-22 10:19:30
801676,地产链,concept,同花顺题材,ths,,2026-07-22 10:19:30
801694,非金属材料,concept,同花顺题材,ths,,2026-07-22 10:19:30
801733,中特估,concept,同花顺题材,ths,,2026-07-22 10:19:30
801741,云南省,concept,同花顺题材,ths,,2026-07-22 10:19:30
801742,内蒙古自治区,concept,同花顺题材,ths,,2026-07-22 10:19:30
801743,北京市,concept,同花顺题材,ths,,2026-07-22 10:19:30
801745,四川省,concept,同花顺题材,ths,,2026-07-22 10:19:30
801747,宁夏回族自治区,concept,同花顺题材,ths,,2026-07-22 10:19:30
801751,广东省,concept,同花顺题材,ths,,2026-07-22 10:19:30
801752,广西壮族自治区,concept,同花顺题材,ths,,2026-07-22 10:19:30
801754,江苏省,concept,同花顺题材,ths,,2026-07-22 10:19:30
801760,湖北省,concept,同花顺题材,ths,,2026-07-22 10:19:30
801762,甘肃省,concept,同花顺题材,ths,,2026-07-22 10:19:30
801764,西藏自治区,concept,同花顺题材,ths,,2026-07-22 10:19:30
801767,重庆市,concept,同花顺题材,ths,,2026-07-22 10:19:30
801768,陕西省,concept,同花顺题材,ths,,2026-07-22 10:19:30
801773,热力,concept,同花顺题材,ths,,2026-07-22 10:19:30
801777,AMD概念,concept,同花顺题材,ths,,2026-07-22 10:19:30
801787,实控人变更,concept,同花顺题材,ths,,2026-07-22 10:19:30
801788,仪器仪表,concept,同花顺题材,ths,,2026-07-22 10:19:30
801807,算力,concept,同花顺题材,ths,,2026-07-22 10:19:30
801814,中电科重组,concept,同花顺题材,ths,,2026-07-22 10:19:30
801825,烟花爆竹,concept,同花顺题材,ths,,2026-07-22 10:19:30
801856,破净股概念,concept,同花顺题材,ths,,2026-07-22 10:19:30
801871,汽车充电,concept,同花顺题材,ths,,2026-07-22 10:19:30
801873,首发经济,concept,同花顺题材,ths,,2026-07-22 10:19:30
801874,电源,concept,同花顺题材,ths,,2026-07-22 10:19:30
801878,端侧AI,concept,同花顺题材,ths,,2026-07-22 10:19:30
801880,燃气轮机,concept,同花顺题材,ths,,2026-07-22 10:19:30
801896,成人用品,concept,同花顺题材,ths,,2026-07-22 10:19:30
801909,可转债,concept,同花顺题材,ths,,2026-07-22 10:19:30
801920,硫化物,concept,同花顺题材,ths,,2026-07-22 10:19:30
801932,海洋经济,concept,同花顺题材,ths,,2026-07-22 10:19:30
801950,中欧概念,concept,同花顺题材,ths,,2026-07-22 10:19:30
801956,卫生护理,concept,同花顺题材,ths,,2026-07-22 10:19:30
801961,影石概念,concept,同花顺题材,ths,,2026-07-22 10:19:30
801964,压缩机,concept,同花顺题材,ths,,2026-07-22 10:19:30
801970,集装箱,concept,同花顺题材,ths,,2026-07-22 10:19:30
801973,保健品,concept,同花顺题材,ths,,2026-07-22 10:19:30
801978,中科系,concept,同花顺题材,ths,,2026-07-22 10:19:30
801990,外卖概念,concept,同花顺题材,ths,,2026-07-22 10:19:30
801992,文交所,concept,同花顺题材,ths,,2026-07-22 10:19:30
801994,西藏水电站,concept,同花顺题材,ths,,2026-07-22 10:19:30
801995,MIM,concept,同花顺题材,ths,,2026-07-22 10:19:30
801996,社保卡,concept,同花顺题材,ths,,2026-07-22 10:19:30
